path	size_bytes	sha256
partition-dumps/lun0/frp.bin	524288	4ce581e3bc7f7a9292761c8ef5258a7ba1ed9e408d6cbcb28f2d6f172c050562
partition-dumps/lun0/gpt_backup0.bin	4096	77beeb9fce01be5dcf489aa9f4857c5232b145e271cbdb709aec38094d7b6eb3
partition-dumps/lun0/gpt_main0.bin	12288	8800ffebc555c5aaf541b5dabe24a5dfa29b742dc143fa660da72cab92fd94bb
partition-dumps/lun0/keystore.bin	524288	07854d2fef297a06ba81685e660c332de36d5d18d546927d30daad6d7fda1541
partition-dumps/lun0/metadata.bin	16777216	c74a0d06e68c2055f175e046cbf2017800b2e2b428e4a3905eca321a8f950204
partition-dumps/lun0/misc.bin	1048576	d443518399954ce186d180ec772c6e95bd2c306bb278509e7d874e142749193c
partition-dumps/lun0/onyxconfig.bin	25165824	2bbf425daf0ecfab2b2c79e0a088b74c6c698c7e9c2c91b2473b1c4c07c739f8
partition-dumps/lun0/persist.bin	33554432	b7ffb4b91b6facc155e5f2c96d4fe173fe075943e0f2918f703d0cc148d89a5f
partition-dumps/lun0/recovery_a.bin	100663296	c96174880fdbe13a779ef4ecb6968fe6c73d1a10d70f4114334285ec4bcac6f6
partition-dumps/lun0/recovery_b.bin	100663296	01126d0276bd566c64ede7ddfca8a435956938d3f71cf50a28001e4f5675075d
partition-dumps/lun0/ssd.bin	8192	9f1dcbc35c350d6027f98be0f5c8b43b42ca52b7604459c0c42be3aa88913d47
partition-dumps/lun0/super.bin	4294967296	4852eafce39df38496db9e72cc759d5836d2cd50ba2a19368997f3c14ba4ed3a
partition-dumps/lun0/userdata.bin	49638539264	ca425a8a49f3700df297483d6cba91bb55183acf2292d3262d7692a5868ee623
partition-dumps/lun0/vbmeta_system_a.bin	65536	ae8d46f6c70b5a1bac501133fc2b688aa58d885af909cee5039d83aed828bd7f
partition-dumps/lun0/vbmeta_system_b.bin	65536	ea909d178fc55f78bf34462e4baf3a5d55938570390e5e5e8e1bd77e3adaaa30
partition-dumps/lun1/gpt_backup1.bin	4096	0e075f0f21730a67793e3ee173800ad2f1254837e5faf25c049610fc68b65e25
partition-dumps/lun1/gpt_main1.bin	12288	4dc58e2e3523ded5214e5027f751def8f7b0037b945f9ebd8a8549d8110caa1a
partition-dumps/lun1/xbl_a.bin	3720478720	69f4aa1b43a8d1a53688e7e11f6a6e63b2b2fb3f0ab65e97230d129775e58370
partition-dumps/lun1/xbl_config_a.bin	1491415040	00bc8c11d7e15d991f067c2fd9371158b4315aeab759f2773292b4ffde0b8187
partition-dumps/lun2/gpt_backup2.bin	4096	1d035f0bb45b4d402f7ac39cf63835f3515853b7d5e922bd9939a5622f3f901b
partition-dumps/lun2/gpt_main2.bin	12288	92e215bd96aad7ddbb59e335e9f081786e5bb39d378d7c842744931a8bd62a65
partition-dumps/lun2/xbl_b.bin	3670016	40d9e5d34b51f591e33c9b83055d6a2e41e056881a73bdf686811d7d7e8d7283
partition-dumps/lun2/xbl_config_b.bin	131072	7506953fe5fb5ac164c9ccc420e0d3dce963aa64ac6f411770bb349b02de8ded
partition-dumps/lun3/ALIGN_TO_128K_1.bin	106496	caa961e702d561d3245d06bf54fb5fe35bf75037032d764ec11fcb5ac1d41c1c
partition-dumps/lun3/cdt.bin	131072	fa43239bcee7b97ca62f007cc68487560a39e19f74f3dde7486db3f98df8e471
partition-dumps/lun3/ddr.bin	1048576	ffbe0eee1afd0900b90319a11ea44b790d018431d724775ddd42bf7c67ac45f5
partition-dumps/lun3/gpt_backup3.bin	4096	3775ac255c446b0af66105e55635771be6ccd88bc2ad58f974c9d591e371fa66
partition-dumps/lun3/gpt_main3.bin	12288	b8b35fc81be0faaddecd8c28d0e1cdd3b08b4859bef9e6ebbeb570c3043afbb3
partition-dumps/lun4/abl_a.bin	1048576	e3213c71f3c5cadd94a583989d83733a343cd97ee479391b4e9ac9eb8bb61200
partition-dumps/lun4/abl_b.bin	1048576	3e8a2c6643356b48a4f0557472edf9a441f8257c4692208ff713b612747c2d88
partition-dumps/lun4/apdp.bin	262144	e0fc7259f864bd2a2072e62328038bf2f60abee8e75e992b94c5e57a653a87ae
partition-dumps/lun4/bluetooth_a.bin	1048576	f41d154222c6d1cc5e16ca3553f215e74c19eb1bc7c5a378c9d9b1002f5312af
partition-dumps/lun4/bluetooth_b.bin	1048576	f41d154222c6d1cc5e16ca3553f215e74c19eb1bc7c5a378c9d9b1002f5312af
partition-dumps/lun4/boot_a.bin	100663296	b82c824ab787979280b8a734fc2d333ad243a351cd3255d30ffe9b26d438ba33
partition-dumps/lun4/boot_b.bin	100663296	d606acec5893b0340026c2ebe70989f166f919f4d0a27992bd76d19dd0ac1b7e
partition-dumps/lun4/catecontentfv.bin	1048576	30e14955ebf1352266dc2ff8067e68104607e750abb9d3b36582b8af909fcb58
partition-dumps/lun4/catefv.bin	524288	07854d2fef297a06ba81685e660c332de36d5d18d546927d30daad6d7fda1541
partition-dumps/lun4/cateloader.bin	2097152	5647f05ec18958947d32874eeb788fa396a05d0bab7c1b71f112ceb7e9b31eee
partition-dumps/lun4/cmnlib64_a.bin	524288	07854d2fef297a06ba81685e660c332de36d5d18d546927d30daad6d7fda1541
partition-dumps/lun4/cmnlib64_b.bin	524288	07854d2fef297a06ba81685e660c332de36d5d18d546927d30daad6d7fda1541
partition-dumps/lun4/cmnlib_a.bin	524288	07854d2fef297a06ba81685e660c332de36d5d18d546927d30daad6d7fda1541
partition-dumps/lun4/cmnlib_b.bin	524288	07854d2fef297a06ba81685e660c332de36d5d18d546927d30daad6d7fda1541
partition-dumps/lun4/devcfg_a.bin	131072	6aac8a9ee0844b4ef51dca97c9c5b3c41fb7d8fab4adee3df9b59e85b4f319f8
partition-dumps/lun4/devcfg_b.bin	131072	6aac8a9ee0844b4ef51dca97c9c5b3c41fb7d8fab4adee3df9b59e85b4f319f8
partition-dumps/lun4/devinfo.bin	4096	c0b62d6399056712790de4c609376beba6d3c3f5b787f464b1e0ec6784863fc6
partition-dumps/lun4/dip.bin	1048576	30e14955ebf1352266dc2ff8067e68104607e750abb9d3b36582b8af909fcb58
partition-dumps/lun4/dsp_a.bin	33554432	d053ceb148cc98122bf536d1905afce1948120300353db0df30742c72934b86e
partition-dumps/lun4/dsp_b.bin	33554432	d053ceb148cc98122bf536d1905afce1948120300353db0df30742c72934b86e
partition-dumps/lun4/dtbo_a.bin	25165824	d3f5f38255108882dffd2c87d612700c7c9eb8cba7040cdffa8a5940ca59fe11
partition-dumps/lun4/dtbo_b.bin	25165824	bc9c29692564da6d97ce37118fd826ec93bccc82b097c1961b178b0c255135e9
partition-dumps/lun4/featenabler_a.bin	131072	8dcc7d6697d4026ea7dbfbc0423e9afec1e6a793339e08ec9df9960b8a66242f
partition-dumps/lun4/featenabler_b.bin	131072	8dcc7d6697d4026ea7dbfbc0423e9afec1e6a793339e08ec9df9960b8a66242f
partition-dumps/lun4/gpt_backup4.bin	8192	20478e37ef710102e362bf3710ae7e1e145b069d707076b77b33db7ba6732c7c
partition-dumps/lun4/gpt_main4.bin	16384	4acb1aed9c1a5a070b946f3fb633be712346b460cb7e5036741da84d76d2ce9d
partition-dumps/lun4/hyp_a.bin	524288	f05c61d7bf0f044c095e5f0619d7a50f41bedd7ef1e22b732ed93db917f3e952
partition-dumps/lun4/hyp_b.bin	524288	f05c61d7bf0f044c095e5f0619d7a50f41bedd7ef1e22b732ed93db917f3e952
partition-dumps/lun4/imagefv_a.bin	2097152	aefb5cb486a5fe59c71e20fba41816367646a6cae40b5af0f26373bb79dae861
partition-dumps/lun4/imagefv_b.bin	2097152	aefb5cb486a5fe59c71e20fba41816367646a6cae40b5af0f26373bb79dae861
partition-dumps/lun4/keymaster_a.bin	524288	bc738f6ea308c16eca8102fc401495f98c0822acdab77df61e719951d88ddba7
partition-dumps/lun4/keymaster_b.bin	524288	bc738f6ea308c16eca8102fc401495f98c0822acdab77df61e719951d88ddba7
partition-dumps/lun4/limits.bin	4096	ad7facb2586fc6e966c004d7d1d16b024f5805ff7cb47c7a85dabd8b48892ca7
partition-dumps/lun4/logdump.bin	67108864	3b6a07d0d404fab4e23b6d34bc6696a6a312dd92821332385e5af7c01c421351
partition-dumps/lun4/logfs.bin	8388608	b8b5ac87f3d954404fc7ecbdd9ee3b5b0cf5691e5006e6ec55db4c899ff61220
partition-dumps/lun4/mdtp_a.bin	33554432	83ee47245398adee79bd9c0a8bc57b821e92aba10f5f9ade8a5d1fae4d8c4302
partition-dumps/lun4/mdtp_b.bin	33554432	83ee47245398adee79bd9c0a8bc57b821e92aba10f5f9ade8a5d1fae4d8c4302
partition-dumps/lun4/mdtpsecapp_a.bin	4194304	bb9f8df61474d25e71fa00722318cd387396ca1736605e1248821cc0de3d3af8
partition-dumps/lun4/mdtpsecapp_b.bin	4194304	bb9f8df61474d25e71fa00722318cd387396ca1736605e1248821cc0de3d3af8
partition-dumps/lun4/modem_a.bin	188743680	ad3d46a0c3ba7eaf5844644276afc1ce5f00da931c24880f70601e10913b7552
partition-dumps/lun4/modem_b.bin	188743680	ad3d46a0c3ba7eaf5844644276afc1ce5f00da931c24880f70601e10913b7552
partition-dumps/lun4/multiimgoem_a.bin	32768	159072b38a433f91d04f3e26eb95201ffa3f9626c22864a1b18845cc97fbd97f
partition-dumps/lun4/multiimgoem_b.bin	32768	159072b38a433f91d04f3e26eb95201ffa3f9626c22864a1b18845cc97fbd97f
partition-dumps/lun4/multiimgqti.bin	32768	c35020473aed1b4642cd726cad727b63fff2824ad68cedd7ffb73c7cbd890479
partition-dumps/lun4/qupfw_a.bin	65536	d289c8b7fd6639280761961241c8f68d6540d1a4d2e72eba35e87889cedf2f90
partition-dumps/lun4/qupfw_b.bin	65536	d289c8b7fd6639280761961241c8f68d6540d1a4d2e72eba35e87889cedf2f90
partition-dumps/lun4/rawdump.bin	134217728	254bcc3fc4f27172636df4bf32de9f107f620d559b20d760197e452b97453917
partition-dumps/lun4/rpm_a.bin	524288	976b8ed676327302dc28c9882e77e288b0c5662648b8f5b667d35f1fd8b20243
partition-dumps/lun4/rpm_b.bin	524288	976b8ed676327302dc28c9882e77e288b0c5662648b8f5b667d35f1fd8b20243
partition-dumps/lun4/secdata.bin	28672	18619b678a5c207a971a0aa931604f48162e307c57ecdec450d5f095fe9f32c7
partition-dumps/lun4/splash.bin	34226176	efd199079045b4bad342bb57fa6f8ddebbe6fb086ee425b29de38d80443d7a6e
partition-dumps/lun4/spunvm.bin	8388608	2daeb1f36095b44b318410b3f4e8b5d989dcc7bb023d1426c492dab0a3053e74
partition-dumps/lun4/storsec.bin	131072	8be6037c42f1aa1c70ac33f4fd16c8b6c00e8950c2ae9d872d49b5eb9ba3e5c8
partition-dumps/lun4/toolsfv.bin	1048576	30e14955ebf1352266dc2ff8067e68104607e750abb9d3b36582b8af909fcb58
partition-dumps/lun4/tz_a.bin	4194304	8fa3f068f17e567315f8fe02cf8e31e8363af0404910b7355c721349351fdc53
partition-dumps/lun4/tz_b.bin	4194304	8fa3f068f17e567315f8fe02cf8e31e8363af0404910b7355c721349351fdc53
partition-dumps/lun4/uefisecapp_a.bin	2097152	71fdc2312f2b59371abd44ca50a40f050a1203f01fc4d30b8c79961fdd202a29
partition-dumps/lun4/uefisecapp_b.bin	2097152	71fdc2312f2b59371abd44ca50a40f050a1203f01fc4d30b8c79961fdd202a29
partition-dumps/lun4/uefivarstore.bin	524288	5a787488684651f38d2b2abde798ea3f63cdfcd8d38bdc42d98b5ca5a39b385c
partition-dumps/lun4/vbmeta_a.bin	65536	981833c4a7f1c9fcc9a19ff55abb34556b522c2524ba95f4c368f4af8ce8915a
partition-dumps/lun4/vbmeta_b.bin	65536	4d0bff5bea4d2630d192be7e74e7fbfe39723a5d90ca94bf887903eb09f8c4f9
partition-dumps/lun5/ALIGN_TO_128K_2.bin	106496	caa961e702d561d3245d06bf54fb5fe35bf75037032d764ec11fcb5ac1d41c1c
partition-dumps/lun5/fsc.bin	131072	fa43239bcee7b97ca62f007cc68487560a39e19f74f3dde7486db3f98df8e471
partition-dumps/lun5/fsg.bin	2097152	5647f05ec18958947d32874eeb788fa396a05d0bab7c1b71f112ceb7e9b31eee
partition-dumps/lun5/gpt_backup5.bin	4096	bd639fa6e1ed267691e705af8507a38e5d4c8b352001c358dd261194b23939e3
partition-dumps/lun5/gpt_main5.bin	12288	7b82c15af4fbc8baaa3c914ed652133daa5c3f6e2dbe43ef0827749ff0bc200b
partition-dumps/lun5/modemst1.bin	2097152	1c04c749f3a6995b64a0b77d35a6f516f09001687aed705095aa4550c4094fa3
partition-dumps/lun5/modemst2.bin	2097152	1d2da7bd6494465ca67af6bb82847f733ac966c7e193b857ca27884826e51004
